,ornamentally^ornamentally
,demographically^demographically
,association's^association's^associations(1)
,psychosomatic^psychosomatic
,regeneration^regeneration
,biotechnica's^biotechnica's
,administrative^administrative
,insignificant^insignificant
,mitteleuropa^mitteleuropa
,computerizing^computerizing
,subordinated^subordinated
unaffiliated,affiliated(1)^affiliated(1)
,redistributive(1)^redistributive(1)
,introductory^introductory
,iannacone^iannacone^iannaccone
,reinterpreted^reinterpreted
,countercultural(1)^countercultural(1)
,considerations^considerations
,pontificaters^pontificaters
,epistolary^epistolary
,biosciences^biosciences
,reflexivity^reflexivity
,geomagnetic^geomagnetic
,academia^academia
,petrominerals^petrominerals
,rejuvenated^rejuvenated
,regulatingly^regulatingly
,minneapolis^minneapolis
,desalination^desalination
,motorcyclists^motorcyclists
,quantitatively^quantitatively
,idiopathic^idiopathic
,genossenschaftsbank^genossenschaftsbank
,imperceptible^imperceptible
,iconoclastic^iconoclastic
,contributory^contributory
,vituperative(1)^vituperative(1)
,transcontinental's(2)^transcontinental's(2)
,electromagnets^electromagnets
,ianniello^ianniello
,evaporated(2)^evaporated(2)
,enterividous^enterividous
,inadequacy^inadequacy
,affiliating^affiliating
,aciduria^aciduria
,mischaracterize^mischaracterize
,misidentified(1)^misidentified(1)
,adversarial^adversarial
,innoculating^innoculating
,declaratory^declaratory
,prevaricating^prevaricating
,interoperate^interoperate
,objectivity^objectivity
,immortality^immortality
,sexuality^sexuality
,expressivity^expressivity
,originated(1)^originated(1)
,antonopoulos^antonopoulos
,moratorium^moratorium
,chemotherapy^chemotherapy
,geographical^geographical
,voluntarily^voluntarily
,counterterrorists(1)^counterterrorists(1)
,bougainvillea^bougainvillea
,ophthalmologists^ophthalmologists
,similarities^similarities
congeniality,geniality^geniality
,portability^portability
,didomenico^didomenico
,preliminary^preliminary
,protohistory^protohistory
,decapitations^decapitations
,preservationist^preservationist^reservationist
,expropriations^expropriations
,photovoltaic^photovoltaic
,encarnacion^encarnacion
,promiscuity(1)^promiscuity(1)
reinvigorating^reinvigorating,invigorating
,nonsectarian^nonsectarian
,monumentally(3)^monumentally(3)
,hyakutake^hyakutake
,antipersonell^antipersonell
,hypercritical^hypercritical
,semiconductor(1)^semiconductor(1)
,anestachio^anestachio
,revitalizing^revitalizing
,equilibria^equilibria
,interventionist^interventionist
,auditorium^auditorium
,financiero^financiero
,aeronauticas^aeronauticas
,homeostatic^homeostatic
,accumulators^accumulators
,uneducated^uneducated
,metromedia^metromedia
,congratulating^congratulating
,photophoresis^photophoresis
,izetbegovic^izetbegovic
,superintendant(1)^superintendant(1)^superintendent(1)
,reauthorizing^reauthorizing
,transcontinental's^transcontinental's
,diantonio^diantonio
,pituitary(1)^pituitary(1)
,aerolineas^aerolineas
,overzealously^overzealously
,inequalities^inequalities
unadulterated,adulterated^adulterated
,industrialists^industrialists
recapitalizing,capitalizing^capitalizing
,unspectacular^unspectacular
,ceremonial^ceremonial
,instantiation^instantiation
,exasperation^exasperation
,preferentially(1)^preferentially(1)
,symbolically^symbolically
,inescapably^inescapably
,augustyniak^augustyniak
,institutionally(1)^institutionally(1)
,tortoriello^tortoriello
,discriminating^discriminating
,semifinalists(1)^semifinalists(1)
,exponentially(1)^exponentially(1)
,aparicio^aparicio
,poniatowski^poniatowski
,gunatilake^gunatilake
,collaborated(1)^collaborated(1)
,departmentalized(1)^departmentalized(1)
,orientation^orientation
,standardization^standardization
,flammability^flammability
,precipitously^precipitously
,itineraries^itineraries
,immunology^immunology
,heterocercal^heterocercal
,industrivaerden^industrivaerden
,immeasurably^immeasurably
,immaturity^immaturity
,giannattasio^giannattasio
,underestimates(1)^underestimates(1)
,precautionary^precautionary
,compartmentalized^compartmentalized
reorganizations,organization's^organization's^organisations
,accommodative^accommodative
,relativism^relativism
,inexorably^inexorably
,yemenidjian^yemenidjian
,periodicals^periodicals
,remuneration^remuneration
renegotiated,negotiated(1)^negotiated(1)
,autonomously^autonomously
,triangulation^triangulation
,americanized^americanized
,baccalaureate^baccalaureate
,alienated^alienated
,echeverria^echeverria
,reiterating^reiterating
,ontological^ontological
,theophania^theophania
,perpendicular^perpendicular
,telemanagement^telemanagement
,collaboration^collaboration
,microbreweries^microbreweries
,prioritizes^prioritizes
,epigenetic^epigenetic
,selectivity^selectivity
,goniometer^goniometer
,dellavecchia^dellavecchia
,hallucinating^hallucinating
,evaluation(1)^evaluation(1)^revaluation
,incinerated^incinerated
,overpopulate^overpopulate
,denuclearized^denuclearized
,misidentifies(1)^misidentifies(1)
,numerology^numerology
,discolorations^discolorations
,individualize(1)^individualize(1)
,timisoara^timisoara
,palestinians^palestinians^palestinian's
,anacostia^anacostia
,deliberately^deliberately
,osterreichische^osterreichische
,indianians^indianians
,denominator^denominator
,rep.^rep.^rep(1)
,montesdeoca^montesdeoca
,pseudopodial^pseudopodial
,retroviruses^retroviruses
,semiannually(3)^semiannually(3)
,recrimination^recrimination
,photocopier^photocopier
,predominated^predominated
,ecclesiastic^ecclesiastic
,ecologically(1)^ecologically(1)
,cavataio^cavataio
,optimistically(1)^optimistically(1)
,insinuating^insinuating
,shalikashvili's^shalikashvili's
,siderographer^siderographer
,preparatory^preparatory
,insinuation^insinuation
,recriminations^recriminations
,dissociation^dissociation
,physiology^physiology
,negativism^negativism
,inconveniences^inconveniences
,theoretically(1)^theoretically(1)
,amazonian^amazonian
,vegetarian^vegetarian
,regenerated^regenerated
,antithetical^antithetical
,cohentannoudji^cohentannoudji
,geological^geological^theological
,gynecologic^gynecologic
,pasquariello^pasquariello
,chiaramonte^chiaramonte
,psychologically^psychologically
,revolutionist^revolutionist
,incantatory^incantatory
,underdeveloped^underdeveloped
,desmoplasia^desmoplasia
,negotiators^negotiators^negotiator's
,louisiana's^louisiana's
,quantitatively(1)^quantitatively(1)
,alienation^alienation
,incarcerated^incarcerated
,logophilia^logophilia
,depositary^depositary
,terminology^terminology
,reformulated^reformulated
,insignificance^insignificance
,libertarians^libertarians
,polarimeter^polarimeter
,hyacinthia^hyacinthia
,annunziata^annunziata
,intermittently^intermittently
,bacigalupi^bacigalupi
reconciliation^reconciliation,conciliation
,unitarian^unitarian
,inauguration^inauguration
,byelorussia^byelorussia
,semifinalist^semifinalist
,takashimaya^takashimaya
,neurosurgery^neurosurgery
,recalculating^recalculating
,dedominicis^dedominicis
,misappropriates^misappropriates
,humidifier^humidifier
suburbanization,urbanization(1)^urbanization(1)
,deoliveira^deoliveira
,indispensible^indispensible
,deliberative^deliberative
,encapsulated^encapsulated
,misallocating^misallocating
,liabilities(1)^liabilities(1)
,dilapidated^dilapidated
,janitorial^janitorial
,repositioning^repositioning
,initiation^initiation
,uninterrupted^uninterrupted
,photovoltaics^photovoltaics
,degaetano^degaetano
,predominating^predominating
,econometric^econometric
renegotiating^renegotiating,negotiating
,exemplifying^exemplifying
,alliterative(1)^alliterative(1)
,amelioration^amelioration
,cafeteria^cafeteria
,circumnavigate^circumnavigate
,disobedient^disobedient
,thiodiglycol^thiodiglycol
,dromomania^dromomania
,overqualify^overqualify
,interpretation^interpretation
,deregulator^deregulator
,semifinalists(2)^semifinalists(2)
,oceanography^oceanography
,westernization^westernization
,militaristic^militaristic
,legibility^legibility
,departmentalize^departmentalize
,interpretations^interpretations
,fioravanti^fioravanti
,inc.(1)^inc.(1)
,autopacific^autopacific
,hypothetical(1)^hypothetical(1)
,vociferating^vociferating
,exterminators^exterminators
,veneziano^veneziano
,viability^viability
,presbyterians(1)^presbyterians(1)
,ambassadorship^ambassadorship
,delineated^delineated
misidentifying(1)^misidentifying(1),identifying(1)
,aficionados^aficionados
,diametrically(1)^diametrically(1)
,credibility^credibility
,administrators'^administrators'
,intermediates(3)^intermediates(3)
,reevaluate^reevaluate
,cooperation^cooperation
,collaborated^collaborated
,determination's^determination's^determinations
,solidarity's^solidarity's
,reexamining^reexamining
,bonifacio^bonifacio
,cogeneration^cogeneration
,oceanographer^oceanographer
,appendectomies^appendectomies
,prohibitory^prohibitory
,educationally(1)^educationally(1)
,alitalia's^alitalia's
,surrealism(1)^surrealism(1)
,emaciated^emaciated
,notoriety^notoriety
,geographically(1)^geographically(1)
,exaggerated^exaggerated
,antireformer^antireformer
,undeniably^undeniably
,versatility^versatility
,semionenkov^semionenkov
,mathematically(1)^mathematically(1)
,counterattacking(1)^counterattacking(1)
,romantically^romantically
,evaporating^evaporating
,decentralizing^decentralizing
,evaporating(1)^evaporating(1)
,executioner's^executioner's^executioners
,liberalizes^liberalizes
,geochemistry^geochemistry
,antipoverty^antipoverty
,diversifying(1)^diversifying(1)
,deleonardis^deleonardis
,euphemistically^euphemistically
,ecuadorian^ecuadorian^ecuadorean
,semireligious^semireligious
,aborigine^aborigine
,desantiago^desantiago
,insectivorous^insectivorous
,eliopoulos^eliopoulos
,philadelphia's^philadelphia's
,cooperated^cooperated
,antidepressants^antidepressants
,telefonica^telefonica
,solidarity^solidarity
,incinerating^incinerating
,biospherian^biospherian
,pagliarulo^pagliarulo
,internationally(3)^internationally(3)
,uninformative^uninformative
,interscholastic^interscholastic
,denunciations^denunciations
,devaluation(1)^devaluation(1)
,electioneering^electioneering
,monopolistic^monopolistic
,accidentally(1)^accidentally(1)
,sinusoidally^sinusoidally
,manganiello^manganiello
,etymology^etymology
comparability^comparability^invulnerability^transferability^maneuverability^favorability^vulnerability,durability
,tegucigalpa^tegucigalpa
,contractually^contractually
,petrochemicals^petrochemicals
,reassurances^reassurances
,patagonian^patagonian
,authorization^authorization
,immaterial^immaterial
,premeditated^premeditated
,semiconductors^semiconductors^semiconductor's
,covarrubias^covarrubias
,aristophanes^aristophanes
,prognosticated^prognosticated
,nonalcoholic^nonalcoholic
,biotechnica^biotechnica
,aerodynamics^aerodynamics
renegotiations,negotiations(1)^negotiations(1)
,naturalistic^naturalistic
,garabedian^garabedian
,corroboration^corroboration
,intolerably^intolerably
,homosapiens^homosapiens
,amazonia^amazonia
,castelluccio^castelluccio
,periodical^periodical
,navratilova^navratilova
,unreality^unreality
,extraordinaire^extraordinaire
,retaliatory^retaliatory
,sensuality^sensuality
,identifier(1)^identifier(1)
,yugoslavia^yugoslavia
,pythagorean^pythagorean
,ophthalmologist(1)^ophthalmologist(1)
,overreliance^overreliance
,ingenuity^ingenuity
,microscopically^microscopically
,improvisations^improvisations
,superconducting^superconducting
,femininity^femininity
,inaugurated(1)^inaugurated(1)
,ameliorated(1)^ameliorated(1)
,reinterpreting^reinterpreting
,civilization^civilization
,criminology^criminology
,reverberations^reverberations
,executioner^executioner
,ophthalmologists(1)^ophthalmologists(1)
,exacerbations^exacerbations
,soviet-union^soviet-union
,intellectually(3)^intellectually(3)
,diabolical^diabolical
,corneliuson^corneliuson
,anecdotally(1)^anecdotally(1)
,homeopathy^homeopathy
,metallurgical^metallurgical
,experiencing^experiencing
,napolitano^napolitano
,camaraderie^camaraderie
,homeopathic^homeopathic
,sympathetically(1)^sympathetically(1)
,initiated^initiated
,mississippians^mississippians
,correspondingly^correspondingly
,coarticulates^coarticulates
,semitropical^semitropical
unenumerated,enumerated^enumerated
,infidelity^infidelity
historiography,choreography^choreography
,cirigliano^cirigliano^corigliano
,siciliano^siciliano
,eccentricity^eccentricity
,preliminaries(1)^preliminaries(1)
,theoretical^theoretical
,renunciation^renunciation^denunciation
,polyethylene^polyethylene
,unmitigated^unmitigated
,coordinator^coordinator
,paramecium^paramecium
,advertorial^advertorial
,hypocritical^hypocritical
,understandably^understandably
,individualized(1)^individualized(1)
,prekindergarten^prekindergarten
,degregorio^degregorio^digregorio
,ticonderoga^ticonderoga
,eleonore^eleonore
irrationality,nationality^nationality
,mcalexander^mcalexander
reincorporating^reincorporating,incorporating
,reintroducing^reintroducing
,kleptomaniac^kleptomaniac
rehabilitated(1)^rehabilitated(1)^rehabilitated,debilitated
,multiprocessor^multiprocessor
,agriculturally(1)^agriculturally(1)
,constantinides(1)^constantinides(1)
,honorarium^honorarium
,philadelphia^philadelphia
,filibustering^filibustering
,mutualism^mutualism
,opportunistic^opportunistic
,popularizing^popularizing
uneconomical,economical^economical
,midamerica^midamerica
,manifestations^manifestations
,synchronicity^synchronicity
,manufacturing's^manufacturing's
,hereditary^hereditary
,abbreviations^abbreviations
reevaluation,devaluation^devaluation^evaluation
,misinterpreting^misinterpreting
,unsympathetic^unsympathetic
,misallocated^misallocated
,corroborating^corroborating
,annihilating^annihilating
,catalanotto^catalanotto
,mahabharata^mahabharata
,liberatore^liberatore
,tarahumara^tarahumara
,patagonia^patagonia
,counteroffensives(1)^counteroffensives(1)
,dermatology^dermatology
,temperamentally(3)^temperamentally(3)
,overemphasize^overemphasize
,sophisticated(1)^sophisticated(1)
,electroplating^electroplating
,regenerating^regenerating
,inaugurations^inaugurations
,journalistically(1)^journalistically(1)
,pathological^pathological
,reiterated^reiterated
,unsanitary^unsanitary
,immunomedics^immunomedics
,interrogator^interrogator
,unpredictably^unpredictably
,adventurism(1)^adventurism(1)
,elucidative^elucidative
,konishiroku^konishiroku
,redistributed^redistributed
,antigovernment^antigovernment
,complimentary^complimentary
,transcontinental(1)^transcontinental(1)
superminicomputers,minicomputers^minicomputers
,transcontinental's(3)^transcontinental's(3)
,overconfidence^overconfidence
,finocchiaro^finocchiaro
,dfw^dfw
,historically^historically
,helionetics^helionetics
,azerbaijanis^azerbaijanis
,prioritizing^prioritizing
,kurumizowa^kurumizowa
,apollonian^apollonian
,irretrievably^irretrievably
,interchangeably^interchangeably
,iuliano^iuliano
,michelangelo's^michelangelo's^michelangelos
,intermagnetic^intermagnetic
,depreciated^depreciated
,counterbalancing(1)^counterbalancing(1)
,retaliating^retaliating
,circumstantially^circumstantially
,emulsifier^emulsifier
,unsustainably^unsustainably
,meritocracy^meritocracy
,hemodynamics^hemodynamics
,disintegrated^disintegrated
,beethovenian^beethovenian
,evacuated(1)^evacuated(1)
,overproducer^overproducer
,ferrofluidic^ferrofluidic
,unmistakably^unmistakably
undiplomatically^undiplomatically,diplomatically
,philharmonia^philharmonia
,apologizing^apologizing
revaluations^revaluations,evaluations
,counteroffensives^counteroffensives
,metallgesellschaft's^metallgesellschaft's
,dionysian^dionysian
,teleconferencing^teleconferencing
,policyholders^policyholders^policyholder's^policyholders'
,ejaculation^ejaculation
,amortization^amortization
,intellectual^intellectual
,philibosian^philibosian
,d'electricite^d'electricite
,constituencies^constituencies
,methodology^methodology
,excoriation^excoriation
,uncapitalized^uncapitalized
,momigliano^momigliano
,ventimiglia^ventimiglia
,confederacy^confederacy
,characterizes^characterizes
,conciliator^conciliator
,adjudicated^adjudicated
,incineration^incineration
,reorganizes^reorganizes
,pronunciation(1)^pronunciation(1)
,procrastinator^procrastinator
,semitropical(1)^semitropical(1)
,opportunism^opportunism
,videographer^videographer
,commemorations^commemorations
,democratizing^democratizing
,interdependent^interdependent
,isolationists^isolationists
,proprietorships^proprietorships
,nongovernmental^nongovernmental
,expropriation^expropriation
,homophobia^homophobia
,parenthetically(1)^parenthetically(1)
,uenohara(1)^uenohara(1)
,consolidator^consolidator
,finlandization^finlandization
,ophthalmologist^ophthalmologist
,presidentially^presidentially
,decommissioning^decommissioning
,microprocessor^microprocessor
,evaporated(3)^evaporated(3)
,organisation^organisation
,bicentenary^bicentenary
,homo-erectus^homo-erectus
,retaliated(1)^retaliated(1)
renegotiation,negotiation^negotiation
misappropriating^misappropriating,appropriating
,immobilizing^immobilizing^demobilizing
,hydrogenated(1)^hydrogenated(1)
,experiences^experiences
,garagiola^garagiola
,receptivity^receptivity
,inefficiencies^inefficiencies
,diversionary^diversionary
,expansionary^expansionary
,deteriorates^deteriorates
disequilibrium,equilibrium^equilibrium
,argyropoulos^argyropoulos
,montemarano^montemarano
,identifier^identifier
,picariello^picariello
,repository^repository
,officiated^officiated
,multiplicity^multiplicity
,cardiologists^cardiologists
,misinformation^misinformation
,maquiladora^maquiladora
,behaviorally^behaviorally
,negotiated^negotiated
,impersonators^impersonators
,ergonomically^ergonomically
,denuclearized(1)^denuclearized(1)
,homeostasis^homeostasis
,xenophobia^xenophobia
,oligopoly^oligopoly
,evangelical^evangelical
,ideologies^ideologies
,ideologists^ideologists
,parliamentary^parliamentary
unappreciated,appreciated^appreciated
,marielito^marielito
,chronologically^chronologically
,surrealisms(1)^surrealisms(1)^surrealism's(1)
,surreptitiously^surreptitiously
,semiconductor^semiconductor
,abbreviation^abbreviation
,administration^administration
,perpetually^perpetually
,feodorovich^feodorovich
,association(1)^association(1)
,intermediates(1)^intermediates(1)
,negotiator(1)^negotiator(1)
,reactionary^reactionary
reevaluating^reevaluating,evaluating
,hemodynamic^hemodynamic
,interminably^interminably
,reciprocated^reciprocated
,authenticating^authenticating
,initiator^initiator
,nonmilitary^nonmilitary
superconductivity^superconductivity,conductivity
,multimedia's(1)^multimedia's(1)
,epicurean(1)^epicurean(1)
,deliberated^deliberated
,alphabetically^alphabetically
,machivellian^machivellian
,epicurean^epicurean
,decontaminate^decontaminate
,lexicographers^lexicographers
,alitalia's(1)^alitalia's(1)
,airconditioner^airconditioner
uninitiated,initiated(1)^initiated(1)
,architecturally(1)^architecturally(1)
,polybutylene^polybutylene
,etiology^etiology
,delineating^delineating
,abouhalima^abouhalima
,antisubmarine(1)^antisubmarine(1)
,accentuating^accentuating
,petrovietnam^petrovietnam
,homogeneous^homogeneous
,reverberating(1)^reverberating(1)
,legislatively^legislatively
,equalization^equalization
,confiterias^confiterias
,animosities^animosities
,anticorruption^anticorruption
,kilimanjaro(1)^kilimanjaro(1)
,champaign-urbana^champaign-urbana
,alternatively^alternatively
,overproducers^overproducers
,hyakutake(1)^hyakutake(1)
,unofficially^unofficially
,immortalizes^immortalizes
,washingtonian^washingtonian
decontaminated,contaminated(1)^contaminated(1)
,opinionated^opinionated
,enunciated^enunciated
,legitimizes^legitimizes
,amateurism^amateurism
,bacigalupo^bacigalupo
,ideonomy^ideonomy
,accentuated^accentuated
,lexicographer^lexicographer
,counterbalancing^counterbalancing
,eridania^eridania
,telecommuter^telecommuter
,commemorative(1)^commemorative(1)
,machiavelli^machiavelli
,antagonistic^antagonistic
,altamirano^altamirano
,policymaking^policymaking
,secomerica^secomerica
,revolutionized^revolutionized
,characterizing^characterizing
,associated(1)^associated(1)
,agrochemicals^agrochemicals
mathematically^mathematically,dramatically(1)
,kebab-n-kurry^kebab-n-kurry
,desensitizing^desensitizing
,marinaccio^marinaccio
,mediocrity^mediocrity
,miscibility^miscibility
,colonialist^colonialist
,immemorial^immemorial
,deceleration^deceleration
,pepenadores^pepenadores
,empirically^empirically
,interrogated^interrogated
,reintegrated^reintegrated
,probationary^probationary
,ziashivaney^ziashivaney
,reactionaries^reactionaries
,pedagogical^pedagogical
,determinative^determinative
,undocumented(1)^undocumented(1)
,corroborative^corroborative
,liabilities^liabilities
,democratizes^democratizes
,redistributing(1)^redistributing(1)
,appendectomy^appendectomy
,continuously^continuously
,opthalmologist^opthalmologist
,desiderio^desiderio
,athanassiou^athanassiou
,delawarians^delawarians
,documentaries^documentaries
,aleatory^aleatory
,universities^universities^university's
,extenuating^extenuating
,underachiever^underachiever
,commercializing^commercializing
,santaniello^santaniello
,infuriating^infuriating
,semiconductors(2)^semiconductors(2)^semiconductor's(2)
,irradiation^irradiation
,neoliberals^neoliberals
,heterodoxy^heterodoxy
,self-energizing^self-energizing
,antibiotics^antibiotics
,maximilian^maximilian
,evacuating(1)^evacuating(1)
,unashamedly^unashamedly
,antibiotic^antibiotic
,pennsylvanians^pennsylvanians
,econometrics^econometrics
,delineation^delineation
,halamandaris^halamandaris
,gullibility^gullibility
,overallotments^overallotments
,reciprocity^reciprocity
,interventionists(3)^interventionists(3)
,extraordinary(1)^extraordinary(1)
,collaborations^collaborations
,instability^instability
,originally^originally
,colonization^colonization
,regimentation^regimentation
,investissements^investissements
,alphabetizing^alphabetizing
,gasiorowski^gasiorowski
,polisario^polisario
,artiodactyls^artiodactyls
,appreciatively(1)^appreciatively(1)
,microcentrifuge^microcentrifuge
,reincarnated^reincarnated
,popieluszko^popieluszko
noninflationary^disinflationary,inflationary^inflationary
,contaminating^contaminating
,overestimates^overestimates
,creatologists^creatologists
,solidifying^solidifying
,perpetuity^perpetuity
,virtuosity^virtuosity
,antisubmarine^antisubmarine
,accumulative^accumulative
,psychotherapy^psychotherapy
,asean(1)^asean(1)
,presbyterians^presbyterians
,conspicuously^conspicuously
,disabilities(1)^disabilities(1)^disability(1)
,automatically^automatically
,recuperated^recuperated
,ottaviano^ottaviano
,manipulators^manipulators
,commensurately(1)^commensurately(1)
,diagrammatic^diagrammatic
,intermediate(1)^intermediate(1)
,remanufactured(1)^remanufactured(1)
,documentaries(3)^documentaries(3)
,intellectuals^intellectuals
,administrator's^administrator's^administrators
,alleviated^alleviated
,beneficially^beneficially
,agonizingly^agonizingly
,honoraria^honoraria
,semifinalist(2)^semifinalist(2)
,bradycardia(1)^bradycardia(1)
,compartmentalize^compartmentalize
,radiologist^radiologist
,misapprehension^misapprehension
,inexperience^inexperience
,hyperopia^hyperopia
,theologian^theologian
,materialized^materialized
,unamerican^unamerican
,creativity^creativity
,nonintervention^nonintervention
,fedeccredito^fedeccredito
,neoliberal^neoliberal
,documentary(2)^documentary(2)
,transcontinental's(1)^transcontinental's(1)
,facilitators^facilitators^facilitator's
,tuberculosis^tuberculosis
,awb(1)^awb(1)
,televideo^televideo
,fertilization^fertilization
,metaphysical^metaphysical
,gastrovascular^gastrovascular
,etymology(1)^etymology(1)
,inexpensively^inexpensively
unapologetic^unapologetic,apologetic
,semitropical(2)^semitropical(2)
,personalizes^personalizes
,interminably(1)^interminably(1)
,manipulating^manipulating
,trivializing^trivializing
,ministerial^ministerial
,uninhabited^uninhabited
misappropriation,appropriation^appropriation
,mitochondrion^mitochondrion
,tallahassean^tallahassean
,romaniello^romaniello
,badalamenti^badalamenti
,iacovelli^iacovelli
,ornamentation^ornamentation
,militarily^militarily
,polymerizes^polymerizes
,incapacity^incapacity
,irresponsibly^irresponsibly
,anaphylaxis^anaphylaxis
,uncompensated^uncompensated
,taxability^taxability
,fanatically^fanatically
,garrido-luna^garrido-luna
,naturalizes^naturalizes
,nonacademic^nonacademic
,polynomial^polynomial
,democratica^democratica
,naturalizing^naturalizing
,categorically^categorically
,psychotherapist^psychotherapist
,idiomatic^idiomatic
,repositories^repositories
,mummification^mummification
,dynamometer^dynamometer
,mutuality^mutuality
,economically^economically
,arkadelphia^arkadelphia
,qualitatively^qualitatively
,polysaccharide^polysaccharide
,vegetarians^vegetarians
,manipulator^manipulator
,stereotyping^stereotyping
,inequality(1)^inequality(1)
,unnecessary^unnecessary
,independence's^independence's
,antibiotic(1)^antibiotic(1)
,prostatectomy^prostatectomy
,illiquidity^illiquidity
,amoxicillin^amoxicillin
,tegucigalpa(1)^tegucigalpa(1)
,uncritically^uncritically
,civilizations^civilizations
,hagiography^hagiography
,multifamily^multifamily
,supercomputer^supercomputer
,vigilantism^vigilantism
,anatolia^anatolia
,anorexia^anorexia
,overemphasized^overemphasized
,wakabayashi^wakabayashi
,ethiopians^ethiopians
,monotheism^monotheism
,semifinalists^semifinalists
,illegitimate^illegitimate
,miscellaneous^miscellaneous
,hypothetically^hypothetically
,coagulating^coagulating
,amalfitano^amalfitano
,dominicana(1)^dominicana(1)
,undervaluing^undervaluing
,isomorphism^isomorphism
,inequality^inequality
,energetically^energetically
,administrations'^administrations'^administration's^administrations
,decaffeinated^decaffeinated
,annihilated^annihilated
,candelario^candelario
,facilitated^facilitated
,reorganizing^reorganizing
,mathematical^mathematical
,theatrically^theatrically
,administrator^administrator
,caledonian^caledonian
,pakistanian^pakistanian
,kilimanjaro^kilimanjaro
,interagency^interagency
,idealistic^idealistic
,industrialize^industrialize
,industrielle(1)^industrielle(1)
,diamagnetic^diamagnetic
,repudiated^repudiated
,remanufacture(1)^remanufacture(1)
,tantalizingly^tantalizingly
,hypoglycemic^hypoglycemic
,counteroffensive^counteroffensive
,typographical^typographical
,semiclassical^semiclassical
,preadolescent^preadolescent
,scandinavia's^scandinavia's
,differentiate(1)^differentiate(1)
,psychological^psychological
,marielitos^marielitos
,presbyterian^presbyterian
,humiliated^humiliated
,exterminated^exterminated
misidentifying^misidentifying,identifying
,depreciations^depreciations
,heterosporous^heterosporous
,disobedient(1)^disobedient(1)
,perpetuating^perpetuating
,educationally(3)^educationally(3)
,multimedia(1)^multimedia(1)
,animosity^animosity
,exhibitionists^exhibitionists
,mississippian^mississippian
,counterproductive(1)^counterproductive(1)
,afterimages^afterimages
rehabilitating^rehabilitating(1),debilitating^debilitating
,genealogy^genealogy
,thiodiglycol(1)^thiodiglycol(1)
,coordinating^coordinating
,significantly^significantly
,inocencio^inocencio
,archaeologists^archaeologists
,destabilizing^destabilizing
,periodically(1)^periodically(1)
,gynecology^gynecology
,supercilious^supercilious
,hypothalamic^hypothalamic
,superconductor^superconductor
,incoherently^incoherently
denationalizing,rationalizing^rationalizing^nationalizing
,etiologies^etiologies
,evaluated^evaluated
,continuances^continuances
,impressionistic^impressionistic
,horizontally^horizontally
,irregularly^irregularly
,presbyterian(1)^presbyterian(1)
,rosamilia^rosamilia
,disqualifying^disqualifying
,illegalities^illegalities
,tavoulareas^tavoulareas
,progressivity^progressivity
,tuberculosis(2)^tuberculosis(2)
,uncontradicted^uncontradicted
,hyperchromatic^hyperchromatic
,manifestation^manifestation
,reverberated(1)^reverberated(1)
,feliciano's(1)^feliciano's(1)
,defibrillator^defibrillator
,percutaneous^percutaneous
,semisecrecy(1)^semisecrecy(1)
,humidifiers^humidifiers
,disappointingly(1)^disappointingly(1)
,semicircular^semicircular
,embarcadero^embarcadero
,discombobulate^discombobulate
,underemployment^underemployment
,interrogating^interrogating
,inequalities(2)^inequalities(2)
,oceanographic^oceanographic
,kurumizowa's^kurumizowa's
,garavaglia^garavaglia
,adventurism^adventurism
,dimercurio^dimercurio
,unadjustable^unadjustable
,electrolytic^electrolytic
deoxyribonucleic^deoxyribonucleic,ribonucleic
,indisputably^indisputably
,ekaterina^ekaterina
,irimajiri^irimajiri
,iannamico^iannamico
,inequalities(1)^inequalities(1)
,insularity^insularity
,intrauterine^intrauterine
,penitentiary^penitentiary
,ortomisio^ortomisio
,brobdingnagians^brobdingnagians
,macedonia(1)^macedonia(1)
,discontinuing^discontinuing
,hemiplegia^hemiplegia
,denominated^denominated
,laryngoscopic^laryngoscopic
,originating^originating
,interrogators^interrogators
,accidentally^accidentally
,pathologically^pathologically
,nymphomaniac^nymphomaniac
,inexplicably^inexplicably
,procedurally^procedurally
,nitroglycerine^nitroglycerine^nitroglycerin
,egomaniac^egomaniac
,videophile^videophile
,disobedience(1)^disobedience(1)
,impersonated^impersonated
,iconography^iconography
nonagricultural^nonagricultural,agricultural(1)
,adulteration^adulteration
,anecdotally^anecdotally
,conceptually^conceptually
,ineffectiveness^ineffectiveness
,intermingling^intermingling
,interacciones^interacciones
,particularly^particularly
,panebianco^panebianco
,azerbaijanis(1)^azerbaijanis(1)
,intellectual(1)^intellectual(1)
,prudentialbache^prudentialbache
,angioplasty^angioplasty
,kumarisami^kumarisami
,anencephaly^anencephaly
,unilateral^unilateral
,disorienting^disorienting
,pituitary^pituitary
,infuriated(1)^infuriated(1)
,exasperated^exasperated
,halogenated^halogenated
,acetylcholine(1)^acetylcholine(1)
,amalgamated's^amalgamated's
,depressurizing^depressurizing
reinvigorated^reinvigorated,invigorated
,accumulating^accumulating
,tonsillectomies^tonsillectomies
,eccentricities^eccentricities
,supercomputers^supercomputers
,opthalmology^opthalmology
,mangiaracina^mangiaracina
,irrevocably(1)^irrevocably(1)
,scientifically(1)^scientifically(1)
,procrastinators^procrastinators
,motorcyclist^motorcyclist
,feliciano^feliciano
,nationality(1)^nationality(1)^rationality
,alitalia(1)^alitalia(1)
,aborigines^aborigines
,mischaracterized^mischaracterized
,redistributive^redistributive
,manipulated^manipulated
,arencibia^arencibia
,negotiators'^negotiators'
,philosophical^philosophical
,connectivity^connectivity
,laparoscopic^laparoscopic
,universities'^universities'
,investigating^investigating
,hermetically^hermetically
,elmootazbellah^elmootazbellah
,montevideo^montevideo
,insecurity^insecurity
,antiballistic^antiballistic
,renegotiate^renegotiate
,abbreviated^abbreviated
,dominicana^dominicana
,unconditionally(1)^unconditionally(1)
,deregulated^deregulated
,seasonality(1)^seasonality(1)
,exasperating^exasperating
,preadolescence^preadolescence
,unexpectedly^unexpectedly
,michelangelo^michelangelo
,napoletano^napoletano
,transcontinental(2)^transcontinental(2)
,construcciones^construcciones
,investigators'^investigators'^investigators^investigator's
,alienated(1)^alienated(1)
,temporarily^temporarily
,humiliations^humiliations
,contradictory^contradictory
,disintegrating^disintegrating
,exaggerating^exaggerating
,decapitated^decapitated
,oregonian^oregonian
,panamanians^panamanians
,demilitarize^demilitarize
,independently^independently
,ignominious^ignominious
,corticosteroids^corticosteroids
,polysilicon^polysilicon
,semiconductor(2)^semiconductor(2)
,semicircular(2)^semicircular(2)
,audiotronic^audiotronic
,reassurances(1)^reassurances(1)
,matriculating^matriculating
,transcontinental^transcontinental
,obliteration^obliteration
,mythological^mythological
,washingtonian(1)^washingtonian(1)
,respiratory^respiratory
,montevideo(1)^montevideo(1)
,navratilova's^navratilova's
,superintendent's^superintendent's^superintendents(1)
,misdiagnoses(1)^misdiagnoses(1)
,governmentally^governmentally
,videocassettes^videocassettes
,industrialized^industrialized
,aduliadae^aduliadae
,amyotrophic(1)^amyotrophic(1)
,hematology(1)^hematology(1)
,refrigerated^refrigerated
,nationalities^nationalities
,oliveria^oliveria
,reactivated^reactivated
,demoralizing^demoralizing
,impersonating^impersonating
,nonexecutive^nonexecutive
,underdevelop^underdevelop
,disinformation^disinformation
,proprietaries^proprietaries
,impermissible^impermissible
,inebriated^inebriated
,nonutility^nonutility
,unaccountably^unaccountably
,oversimplified^oversimplified
,eurodebenture^eurodebenture
,obliterating^obliterating
,exclusivity^exclusivity
,reformatory^reformatory
,automatically(1)^automatically(1)
,enterology^enterology
,enunciating^enunciating
,deterministic^deterministic
unfamiliarity,familiarity^familiarity
,economico^economico
,panamanian^panamanian
,paternalistic^paternalistic
,commerciale's(1)^commerciale's(1)
,pressurization^pressurization
,solicitations^solicitations
,reformatories^reformatories
,incarcerating^incarcerating
,undiversified^undiversified
,sociologist^sociologist
,macadamia^macadamia
,reportorial^reportorial
,overestimate^overestimate
,tonsillectomy^tonsillectomy
,inoculated^inoculated
,senatorial^senatorial
,moriarity^moriarity
,entomology^entomology
,inadvertently(1)^inadvertently(1)
,interventionist(1)^interventionist(1)
,jeffersonian^jeffersonian
,observatory's^observatory's^observatories
,governmentally(1)^governmentally(1)
,intermedia^intermedia
,videocassette^videocassette
,hemophiliac(1)^hemophiliac(1)
,unreconstructed^unreconstructed
,statutorily(1)^statutorily(1)
,interventionists(2)^interventionists(2)
,consecutively^consecutively
,myocardium^myocardium
,acrimonious^acrimonious
,bicentennial^bicentennial
,infertility^infertility
,anemometer^anemometer
,antagonizing^antagonizing
,homosapien^homosapien
,argentinians^argentinians
,babylonians^babylonians
sympathetically,pathetically^pathetically
,burkina-faso's^burkina-faso's
,bioflavonoid^bioflavonoid
,sociology^sociology
,elementary(1)^elementary(1)
,eviscerated^eviscerated
,recidivism^recidivism
,domesticity^domesticity
,recapitalized^recapitalized
,genetization^genetization
,theologically^theologically
,uncompetitive^uncompetitive
,counterproductive^counterproductive
,bengoechea^bengoechea
,unabashedly^unabashedly
,misappropriate^misappropriate
,disappearances^disappearances
,aluminio^aluminio
,degenerating^degenerating
,monopolizes^monopolizes
,guadarrama^guadarrama
,cooperative^cooperative
,depositary(1)^depositary(1)
,bilaterally^bilaterally
,gotterdammerung^gotterdammerung
,overregulates^overregulates
,considerably^considerably
,pontificating^pontificating
,indivisible^indivisible
,inconsistencies^inconsistencies
,evangelicals^evangelicals
,japanimation^japanimation
,alienating^alienating
,evaluations(1)^evaluations(1)
,rehabilitate^rehabilitate
,multivitamin^multivitamin
,inactivation^inactivation
,collateralize^collateralize
,consolidations^consolidations
,participated(1)^participated(1)
,osteopathic^osteopathic
,augustinians^augustinians
uncoordinated,coordinated^coordinated
,recertifying^recertifying
,interlocutor^interlocutor
,nonelectrical^nonelectrical
,manipulative^manipulative
,desiderata^desiderata
,lagomarsino^lagomarsino
,reaffirmation^reaffirmation
,intermediate^intermediate
,unsaturated^unsaturated
,alessandrini^alessandrini^d'alessandrini
,positivism^positivism
,conigliaro^conigliaro
,officiating^officiating
,recuperation^recuperation
,anteriormost^anteriormost
,burkina-faso^burkina-faso
,garagiola(1)^garagiola(1)
,decelerating^decelerating
,nonregulated^nonregulated
,habitually^habitually
,misidentified^misidentified
,uncompromising^uncompromising
,underachievers^underachievers
,michelangelo's(1)^michelangelo's(1)^michelangelos(1)
,recapitulate^recapitulate
,insufficiently^insufficiently
,honorariums^honorariums
,intercultural^intercultural
,magnetically^magnetically
,inconsistency^inconsistency
,insecurities^insecurities
,ecologically^ecologically
,elaborated^elaborated
,unintentionally(1)^unintentionally(1)
,obliterated^obliterated
,choreographer^choreographer
,peripatetic^peripatetic
,corticosteroid^corticosteroid
,semireligious(2)^semireligious(2)
,port-victoria^port-victoria
,overproducing^overproducing
,isoprinosine^isoprinosine
,facilitator^facilitator
,hanoverian^hanoverian
,invalidating^invalidating
,punctuality^punctuality
,rehabilitate(1)^rehabilitate(1)
,photocopying^photocopying
,intraocular^intraocular
,parenthetical^parenthetical
,commonalities^commonalities
,communicated^communicated
,irredentism^irredentism
,interrelated(1)^interrelated(1)
,productivity(1)^productivity(1)
,jurisprudential(1)^jurisprudential(1)
,documentary(1)^documentary(1)
,interprovincial^interprovincial
,moratoria^moratoria
,ionospheric^ionospheric
,paleozoic^paleozoic
,french-polynesia^french-polynesia
,antitakeover^antitakeover
,pharisaism^pharisaism
,biological^biological
,solitariness^solitariness
,exhilaration^exhilaration
,capobianco^capobianco
,iacobellis^iacobellis
,redistributed(1)^redistributed(1)
,americanos^americanos
,vecchiarelli^vecchiarelli
,asphyxiating^asphyxiating
,economizing^economizing
,confederacy's^confederacy's
,azerbaijani^azerbaijani
discontinuation,continuation^continuation
,statistically^statistically
,creditworthiness^creditworthiness
,configurations^configurations
,refrigeration^refrigeration
,reminiscences^reminiscences
,discriminated(1)^discriminated(1)
,inadmissibly(1)^inadmissibly(1)
,devastatingly^devastatingly
,constabulary^constabulary
,managerial^managerial
,archaeologist^archaeologist
,aficionado^aficionado
,abouhalima's^abouhalima's
,intelligently^intelligently
,exterminating^exterminating
,unaccredited^unaccredited
,conservatively^conservatively
,angiomedics^angiomedics
,excoriated^excoriated
,diversifying^diversifying
,infatuating^infatuating
,neuroscientist^neuroscientist
,uneconomic^uneconomic
,antireformers^antireformers
,thanatology^thanatology
,possibility^possibility
,categorical^categorical
,deregulating^deregulating
,criminality^criminality
,cooperatively^cooperatively
,immorality^immorality
,surrealistic(1)^surrealistic(1)
,overreaction^overreaction
,disability^disability
,unaccompanied^unaccompanied
,aguascalientes^aguascalientes
,anti-federalist^anti-federalist
,paradoxical^paradoxical
,impersonator^impersonator
,overwhelmingly^overwhelmingly
,pervomaiskaya^pervomaiskaya
,seasonality^seasonality
,associated^associated
,polychlorinate^polychlorinate
,indianian^indianian
,proprietorship^proprietorship
,proliferation^proliferation
,archipelago^archipelago
,toxicology^toxicology
,analytically^analytically
,vituperative^vituperative
,heterotrophic^heterotrophic
,actuarial^actuarial
,underwithholding^underwithholding
,ajinomoto^ajinomoto
,unicellular^unicellular
,dehumidified^dehumidified
,hemophilia^hemophilia
,angiotensin^angiotensin
,initiators^initiators
,pennsylvanian^pennsylvanian
,degenerative^degenerative
,semiclassical(2)^semiclassical(2)
,operationally(1)^operationally(1)
,archipelago(1)^archipelago(1)
,legitimizing^legitimizing
,illuminator^illuminator
,conservatory^conservatory
,dfw(1)^dfw(1)
,philosophically(1)^philosophically(1)
,actuality^actuality
,dwi^dwi
,videotaping^videotaping
,peripherally^peripherally
,degeneracy^degeneracy
,echevarria^echevarria
,auditoriums^auditoriums
,inhumanity^inhumanity
,nonoperating^nonoperating
,cafeterias^cafeterias
,graningeverken^graningeverken
,investigative^investigative
,municipally^municipally
,appropriators^appropriators
,grzeskowiak^grzeskowiak
,recapitalize^recapitalize
,altimorano^altimorano
,musicality^musicality
,antipoverty(1)^antipoverty(1)
,polypropylene^polypropylene
,capitalizes^capitalizes
,sanseverino^sanseverino
,undocumented^undocumented
,enthusiasms^enthusiasms
,exculpatory^exculpatory
,abbreviating^abbreviating
,photochemical(1)^photochemical(1)
,internationalize(2)^internationalize(2)
,orleanians^orleanians
,misdiagnoses^misdiagnoses
,testamentary^testamentary
,disassociate(1)^disassociate(1)
,originators^originators
,radiography^radiography
,inaccuracy^inaccuracy
,haberdashery^haberdashery
,commentariat^commentariat
,alexandria^alexandria
,proliferating^proliferating
,deteriorate^deteriorate
,iacobucci^iacobucci
,choreographing^choreographing
,diaphonia^diaphonia
,anonymity^anonymity
,superpremium^superpremium
,intermediates^intermediates
,deleterious^deleterious
,disestablishment^disestablishment
,byelorussia(2)^byelorussia(2)
,obituaries^obituaries
,oscillatory^oscillatory
,misunderstanding^misunderstanding
,rehability^rehability
,ferromagnetic^ferromagnetic
,disassociate^disassociate
,pomeranian^pomeranian
,overabundance^overabundance
,telemarketer^telemarketer
,cooperating^cooperating
,somatotropin^somatotropin
,interlocutors^interlocutors
,ruritania^ruritania
,ethiopia^ethiopia
,precipitating^precipitating
,singlehandedly^singlehandedly
,intermagnetics^intermagnetics
,intrinsically^intrinsically
,extrasensory^extrasensory
,immunologist^immunologist
,devaluations^devaluations
,repatriation^repatriation
,interventionists^interventionists
,uninterrupted(1)^uninterrupted(1)
,unalterably^unalterably
,neurological^neurological
,double-entendre^double-entendre
,redecorated^redecorated
,authorizations^authorizations
,vociferated^vociferated
,mericantante^mericantante
,decomposition^decomposition
,anencephalic^anencephalic
,misdiagnosis^misdiagnosis
,monetarism^monetarism
,hyperborean^hyperborean
,radiology^radiology
,commemoration^commemoration
,editorial^editorial
,affiliated's^affiliated's
,depreciating^depreciating
,precipitation^precipitation
,enthusiasm^enthusiasm
,humiliation^humiliation
,advertorials^advertorials
,subordinating^subordinating
,napoleonic^napoleonic
,originator^originator
,incredulity^incredulity
reconfiguration^reconfiguration,configuration
,irreparably^irreparably
,pomerania^pomerania
,homosexuals^homosexuals
,macromedia^macromedia
,reallocating^reallocating
,methodologies^methodologies
,unidentified^unidentified
,premonitory^premonitory
,confiscatory^confiscatory
,evaporated^evaporated
,afrikanerdom^afrikanerdom
,directorial(1)^directorial(1)
,anticorruption(1)^anticorruption(1)
,commonsensical^commonsensical
,ticonderoga's^ticonderoga's
,illuminating^illuminating
,amphitheatre^amphitheatre^amphitheater
,nomenclatural^nomenclatural
,yabbadabbadoo^yabbadabbadoo
,communicating^communicating
,equanimity^equanimity
,impresario^impresario
,undiplomatic^undiplomatic
,subterranean^subterranean
,geopolitics^geopolitics
,concatenating^concatenating
,debenedetto^debenedetto
,laparoscopy^laparoscopy
,superficially^superficially
,militarism^militarism
,pronunciations(1)^pronunciations(1)
,appreciating^appreciating
,bophuthatswana^bophuthatswana
unsubstantiated^unsubstantiated,substantiated
,expressionistic^expressionistic
,semiannually(2)^semiannually(2)
,differentiate^differentiate
,choreographers^choreographers^choreographer's
,biologicals^biologicals
,substantiated(1)^substantiated(1)
,bioengineer^bioengineer
,portugalia^portugalia
,apothecary^apothecary
,bonaventura^bonaventura
,magisterial^magisterial
,reintroduces^reintroduces
,polyolefin^polyolefin
,eroticism^eroticism
,paraplegia^paraplegia
,archeology^archeology^archaeology
,photocopiers^photocopiers
,insinuations^insinuations
,hallucinated^hallucinated
,hematology^hematology
,keratotomy^keratotomy
,incomparably^incomparably
,ophthalmologists(3)^ophthalmologists(3)
,anastasio(1)^anastasio(1)
,apocalyptic^apocalyptic
,telecommuters^telecommuters^telecommuter's
,quantifiable(1)^quantifiable(1)
,commemorated^commemorated
,exoneration^exoneration
,documentary(3)^documentary(3)
,cartusciello^cartusciello
,appropriations^appropriations
,anfal^anfal
,virological^virological
reevaluated,devaluated^devaluated
,uncollectible^uncollectible
,irresistibly^irresistibly
,liberalizing^liberalizing
,exonerated^exonerated
,parliamentary(1)^parliamentary(1)
,imperialist^imperialist
,overreacting^overreacting
,elasticity^elasticity
,quantifiable^quantifiable
,polyurethane^polyurethane
,overexcited^overexcited
,neoclassical^neoclassical
,illusionary^illusionary
,reprogenetics^reprogenetics
,redecoration^redecoration
,physiologist^physiologist
,epitomizes^epitomizes
,promiscuity^promiscuity
,electronically(1)^electronically(1)
,macedonia^macedonia
,bancorporation^bancorporation
,substantiation(1)^substantiation(1)
reaffiliation^reaffiliation,affiliation
,ambrosiano^ambrosiano
,securitizing^securitizing
,cancerphobia^cancerphobia
,diguglielmo^diguglielmo
,suitability^suitability
coincidentally,incidentally^incidentally
,dionisio^dionisio
,artiodactyl^artiodactyl
,remunerative^remunerative
,anniversary^anniversary
,functionality^functionality
,authenticity^authenticity
,indoctrinated^indoctrinated
,micromanages^micromanages
,noninterference^noninterference
,eurodebentures^eurodebentures
,lithuania^lithuania
,telemarketers^telemarketers
,sociologists^sociologists
,practicality^practicality
,vitagliano^vitagliano
,brobdingnagian^brobdingnagian
,idiotically^idiotically
,mitochondria^mitochondria
,incorporations^incorporations^incorporation's
,abrahamian^abrahamian
,euromobiliare^euromobiliare
,asphyxiated^asphyxiated
,abbreviated(1)^abbreviated(1)
,actinidia^actinidia
,infatuation^infatuation
,oversensitive^oversensitive
,simultaneous^simultaneous
,dehumidifies^dehumidifies
,pietermaritzburg^pietermaritzburg
,unfavorably^unfavorably
,imperceptibly^imperceptibly
,cannibalizing^cannibalizing
,enthusiastic^enthusiastic
,administrating^administrating
,gerontologist^gerontologist
,overextended^overextended
,memorialized^memorialized
,meritorious^meritorious
,counteroffensive(1)^counteroffensive(1)
,inexperienced^inexperienced
,interoperates^interoperates
,micromanagement^micromanagement
,evaluated(1)^evaluated(1)
,encapsulating^encapsulating
,asymmetrical^asymmetrical
,pronunciation^pronunciation
,arriortua^arriortua
,choreographic^choreographic
,oregonians^oregonians
,unimedia^unimedia
,biomedical^biomedical
,facilitating^facilitating
,bartolomeo^bartolomeo
,helionetic^helionetic
,methodically^methodically
,reverberation^reverberation
,volatility^volatility
,seminarians^seminarians
,collaborating^collaborating
,overallotment^overallotment
,self-fertilizing^self-fertilizing
,cerveceria^cerveceria
,accompanying^accompanying
,ambassadorships^ambassadorships
,recognizably^recognizably
,tallahasseans^tallahasseans
,parallelism^parallelism
,lithuanian^lithuanian
,antidepressants(1)^antidepressants(1)
,comicopia^comicopia
,subjectivity^subjectivity
,intensifying^intensifying
,retaliation^retaliation
,pallidotomy^pallidotomy
,pontificated^pontificated
,creatologist^creatologist
,paradoxically^paradoxically
,supercomputing^supercomputing
,observatory^observatory
,reiteration^reiteration
,reallocated^reallocated
unrealistically,realistically^realistically
,heoroico^heoroico
,cauterization^cauterization
,cadiddlehopper^cadiddlehopper
,categorical(1)^categorical(1)
,plurilateral^plurilateral
,personalizing^personalizing
,irradiated^irradiated
,capitalistic^capitalistic
,unappetizing^unappetizing
,reanalyzing^reanalyzing
,exclusionary^exclusionary
,axiomatic^axiomatic
,preliminaries^preliminaries
,lithuania's^lithuania's
,imaginary^imaginary
,perpetuated^perpetuated
,hermaphroditic^hermaphroditic
,incriminating^incriminating
,depilatory^depilatory
,pandemonium^pandemonium
,carotenuto^carotenuto
,documentary^documentary
,comparatively^comparatively
,evaporated(1)^evaporated(1)
,reverberated(2)^reverberated(2)
,alimentary^alimentary
,exfoliation^exfoliation
,ineffectual^ineffectual
,demilitarized^demilitarized
,confirmatory^confirmatory
,aguinaga^aguinaga
,orthodontia^orthodontia
,carolinian(1)^carolinian(1)
,federalizing^federalizing
,preservationists^preservationists^reservationists
,anacostia's^anacostia's
,appropriator^appropriator
unanticipated,anticipated(1)^anticipated(1)
,coordinators^coordinators
,lagroceria^lagroceria
,delawarian^delawarian
,neuroscientist(1)^neuroscientist(1)
,consolidating^consolidating
,ophthalmologists(2)^ophthalmologists(2)
,semifinalist(1)^semifinalist(1)
,democratically^democratically
,favoritism^favoritism
,telemedia^telemedia
,rudimentary^rudimentary
,overshadowing^overshadowing
,epigrammatic^epigrammatic
,associations^associations
,amerindian^amerindian
,exacerbated(1)^exacerbated(1)
,tew(2)^tew(2)
,augustinian^augustinian
,feasibility^feasibility
,characteristic^characteristic
,opportunity^opportunity
,stereotyping(1)^stereotyping(1)
,mononuclear^mononuclear
,reverberated^reverberated
,etablissements^etablissements
,amakudari^amakudari
,directorial(2)^directorial(2)
,amalgamating^amalgamating
,seminarian^seminarian
,presidentially(1)^presidentially(1)
,oversimplify^oversimplify
,secretariat^secretariat
,isolationists(1)^isolationists(1)
,amphitheaters^amphitheaters
,disappearances(1)^disappearances(1)
,semireligious(1)^semireligious(1)
,monumentally(1)^monumentally(1)
,ornithology^ornithology
,reciprocating^reciprocating
,radioactive^radioactive
,technologically(1)^technologically(1)
,subliminally^subliminally
,recuperative^recuperative
,undetermining(1)^undetermining(1)
,cogenerated^cogenerated
,economizing(1)^economizing(1)
,introductory(1)^introductory(1)
,underperforming^underperforming
,dehumanizing^dehumanizing
,intermediates(2)^intermediates(2)
,cardiologist^cardiologist
,affiliated^affiliated
,discontentedly^discontentedly
,equatorial^equatorial
,overexpansion^overexpansion
,urinalysis^urinalysis
,exaggerated(1)^exaggerated(1)
,catacosinos^catacosinos
,prognosticative^prognosticative
,basophilia^basophilia
nonmanufacturing,manufacturing^manufacturing
,dermatologists^dermatologists
,telesciences^telesciences
,feliciano(1)^feliciano(1)
,italiana^italiana
,exacerbated^exacerbated
,reassuringly(1)^reassuringly(1)
,photodynamic^photodynamic
,patrilineal^patrilineal^matrilineal
,personality^personality
,industrialist^industrialist
,carolinians^carolinians
,encyclopedic^encyclopedic
,affirmatively^affirmatively
,incapacitate^incapacitate
,biospherians^biospherians
,inoperative^inoperative
,expansionary(1)^expansionary(1)
,degeneration^degeneration
,reincorporate^reincorporate
,infuriated^infuriated
,loma-prieda^loma-prieda
,lusitania's^lusitania's^lusitanias
,velociraptor^velociraptor
,colonialists^colonialists
,artificially^artificially
,continually^continually
,microprocessors^microprocessors
,extrapolating^extrapolating
,overambitious^overambitious
,decaffeinating^decaffeinating
,electromedics^electromedics
,telemecanique^telemecanique
,serological^serological
,paramagnetic^paramagnetic
,relativity^relativity
,ionization^ionization
,nonemergency^nonemergency
,telemarketing^telemarketing
,absolutism^absolutism
,antireformer(1)^antireformer(1)
,superabrasives^superabrasives
,decisionmaker^decisionmaker
,palestinians'^palestinians'
,mediobanca^mediobanca
,aphrodisiac^aphrodisiac
,scientology^scientology
,reverberating^reverberating
,interpolated^interpolated
,overgenerous^overgenerous
,scandinavian^scandinavian
,arbitrariness^arbitrariness
,deregulators^deregulators
,itinerary^itinerary
,reconsidering^reconsidering
,incivility^incivility
,accommodating^accommodating
,jeffersonians^jeffersonians
,uncomplicated^uncomplicated
,hypochondria^hypochondria
,illegality^illegality
,economically(1)^economically(1)
,repudiation^repudiation
,amyotrophic^amyotrophic
,underestimate^underestimate
,videoconference^videoconference
,overextending^overextending
,anniversaries^anniversaries
,unanimity(1)^unanimity(1)
,celebratory^celebratory
,ecumenical^ecumenical
,divertimento^divertimento
,unavoidably^unavoidably
,inconclusively^inconclusively
,carnegie-mellon(1)^carnegie-mellon(1)
,biochemistry^biochemistry
,co-operative^co-operative
,battipaglia^battipaglia
,alleviated(1)^alleviated(1)
,appreciative^appreciative
,rehability(1)^rehability(1)
,forensically(1)^forensically(1)
,laryngoscopic(1)^laryngoscopic(1)
,counterbalances^counterbalances
,capabilities^capabilities
,prohibitively^prohibitively
,collaborative^collaborative
,misinterpreted^misinterpreted
,documentaries(2)^documentaries(2)
,aeromexico's^aeromexico's
,internationally(1)^internationally(1)
,revelatory^revelatory
,metaphorical^metaphorical
,louisiana^louisiana
,memorialize^memorialize
,overexposure^overexposure
,commonality^commonality
,amazonians^amazonians
,biomedicals^biomedicals
,misrecognizes^misrecognizes
,evenhandedly^evenhandedly
,anticipating^anticipating
,preferentially^preferentially
,anastasio^anastasio
,resuscitation^resuscitation
,yugoslavia's^yugoslavia's
,corporacion^corporacion
,hysterectomy^hysterectomy^hysterectomies
,photoconductive^photoconductive
,exhilarating^exhilarating
,exhibitionist^exhibitionist
,multifaceted^multifaceted
,ethiopian^ethiopian
,monetarily^monetarily
,voluntarism^voluntarism
,underutilize^underutilize
,liberality^liberality
,rutigliano^rutigliano
,annunziato^annunziato
,hemophiliacs^hemophiliacs
,remediation^remediation
,polytheistic^polytheistic
,personalities^personalities
,interruptible^interruptible
,university^university
,equivocating^equivocating
,yekaterinburg^yekaterinburg
,deliberating^deliberating
,reconditioning^reconditioning
,emaciating^emaciating
,astronomically^astronomically
,negotiations^negotiations
,nymphomaniacs^nymphomaniacs
,generosity^generosity
,polyconomics^polyconomics
,etiology(1)^etiology(1)
,retaliated^retaliated
,anticommunist^anticommunist
,angiomedic^angiomedic
,multimillionaire(1)^multimillionaire(1)
,inhibitory^inhibitory
,appendicitis^appendicitis
,indestructible^indestructible
,overregulate^overregulate
,methamphetamine^methamphetamine
,counterbalances(1)^counterbalances(1)
,misrecognizing^misrecognizing
,circularizing^circularizing
,satisfactorily^satisfactorily
,polarography^polarography
,directorial^directorial
,conservatorship^conservatorship
,acetylcholine^acetylcholine
,miscalculated^miscalculated
,inaccuracies^inaccuracies
,ethnocentrism^ethnocentrism
,visibility^visibility
,evacuated^evacuated
,conglomeration^conglomeration
,serbo-croatian^serbo-croatian
,telecommuting^telecommuting
,metallgesellschaft^metallgesellschaft
,fiorentino^fiorentino
,communitywide^communitywide
,afanasyev^afanasyev
,readability^readability
,alexopoulos^alexopoulos
,mccarthyism^mccarthyism
autobiographical,biographical^biographical
,metaphorically^metaphorically
,semiconductors(1)^semiconductors(1)^semiconductor's(1)
,polytheism^polytheism
,pronunciations^pronunciations
,agricultural^agricultural
,dibenedetto^dibenedetto
,disabilities^disabilities
,alkalinity^alkalinity
,interestingly^interestingly
,deforestation^deforestation
,alphanumeric^alphanumeric
,inefficiency^inefficiency
,dileonardo^dileonardo
infallibility,fallibility^fallibility
,iavarone^iavarone
,disadvantageous^disadvantageous
,disseminating^disseminating
,departmentalize(1)^departmentalize(1)
,assassinating^assassinating
,confederation^confederation
,outmaneuvering^outmaneuvering
,cholestyramine^cholestyramine
,differentiates(1)^differentiates(1)
,elaborating^elaborating
,carolingian^carolingian
,homosexual^homosexual
,domesticating^domesticating
,neurasthenia^neurasthenia
,disabatino^disabatino
,choreographing(1)^choreographing(1)
,multilateral(1)^multilateral(1)
,carcinogenic^carcinogenic
,irreversibly^irreversibly
,exaggerations^exaggerations
,shalikashvili^shalikashvili
,superconductive^superconductive
,extrapolated^extrapolated
,vociferously^vociferously
,washingtonians^washingtonians
,lauretarian^lauretarian
,thermonuclear^thermonuclear
,uncontrollably^uncontrollably
,monopolizing^monopolizing
,dibiasio^dibiasio
,repudiating^repudiating
,self-aggrandizing^self-aggrandizing
,association^association
,petrochemical^petrochemical
,automobili^automobili
,sebastiana^sebastiana
non-supervisory,supervisory^supervisory
,domeniconi^domeniconi
,underutilized^underutilized
,investimento^investimento
,dermatologist^dermatologist
,inequality(2)^inequality(2)
,instabilities^instabilities
,capability^capability
,hirabayashi^hirabayashi
,demagoguery^demagoguery
,vulgarization^vulgarization
,universally^universally
,hydrotherapy^hydrotherapy
,recapitulates^recapitulates
,assimilating^assimilating
,seminario^seminario
,humiliating^humiliating
,superabrasive^superabrasive
,isocyanate^isocyanate
,moratoriums^moratoriums
,marcantonio^marcantonio
,siderographers^siderographers
,electrostatic^electrostatic
,ciaramitaro^ciaramitaro
,nationalizes^nationalizes
,biologically^biologically
,investigator^investigator
,revolutionists^revolutionists
,misidentifies^misidentifies
,alleviating^alleviating
,contractionary^contractionary
,decelerated^decelerated
,collectivism^collectivism
,multimillionaires(1)^multimillionaires(1)
,reconfirmation^reconfirmation
,overqualified^overqualified
,eliminations^eliminations
,overdependence^overdependence
,graningeverken's^graningeverken's
,encyclopedic(1)^encyclopedic(1)
,carolinian^carolinian
,telemedicine^telemedicine
,colantonio^colantonio
,indonesians^indonesians
reincorporation,incorporation^incorporation
,penitentiaries^penitentiaries
,dissatisfaction^dissatisfaction
,retrospectively^retrospectively
,tantalizingly(1)^tantalizingly(1)
,interruptible(1)^interruptible(1)
,overexciting^overexciting
,supplementary^supplementary
,commemorating^commemorating
,algebraically^algebraically
,scandinavia^scandinavia
,unbelievably^unbelievably
unincorporated^unincorporated,incorporated(1)
,topological^topological
,reengineering^reengineering
,transoceanic^transoceanic
,financiera^financiera
,abnormalities^abnormalities
,airconditioning^airconditioning
,exonerating^exonerating
,categorizes^categorizes
,sedimentary^sedimentary
,ricigliano^ricigliano
superminicomputer,minicomputer^minicomputer
,substantiation^substantiation
,misidentify(1)^misidentify(1)
,philadelphian^philadelphian
,anachronistic^anachronistic
,inadvertently^inadvertently
,consolidators^consolidators
,self-deprecating^self-deprecating
,conciliator's^conciliator's
,conservationists^conservationists
,mineralogist(1)^mineralogist(1)
,originations^originations
,initiating^initiating
,aristocracy^aristocracy
,possibilities^possibilities
,oesterreichische^oesterreichische
,incorporated^incorporated
,semiclassical(1)^semiclassical(1)
,overexposes^overexposes
,biopharmacy^biopharmacy
,disillusioning^disillusioning
,undistributed^undistributed
,assimilated^assimilated
,caltabiano^caltabiano
,conservationist^conservationist
,assemblywoman^assemblywoman
,photosynthesis^photosynthesis
,communicator^communicator
,alcoholism^alcoholism
,satisfactory(1)^satisfactory(1)
,ritualistic^ritualistic
,jurisprudential^jurisprudential
,alphabetizes^alphabetizes
,alphabetical^alphabetical
,semifinalists(3)^semifinalists(3)
,ideology^ideology
,corroborated^corroborated
,shimabukuro^shimabukuro
,stradivarius^stradivarius
interdisciplinary,disciplinary^disciplinary
,attanasio^attanasio
,self-deliverance^self-deliverance
,scandinavians^scandinavians
extraterritorial,territorial^territorial
,unfortunately(1)^unfortunately(1)
misappropriated^misappropriated,appropriated
,ophthalmology^ophthalmology
,participating^participating
,antibiotics(1)^antibiotics(1)
,semicircular(1)^semicircular(1)
,eliminating^eliminating
,supercollider^supercollider
,yugoslavian^yugoslavian
,sophisticated^sophisticated
,azerbaijani(1)^azerbaijani(1)
,degenerated^degenerated
,unanimity^unanimity
,immobility^immobility
,technicalities^technicalities
,bioflavonoids^bioflavonoids
,pragmatically^pragmatically
,deflationary^deflationary
,elaboration^elaboration
,intimidation^intimidation
,discoloration^discoloration
,coarticulate^coarticulate
,interconnected^interconnected
,echavarria^echavarria
,secondarily^secondarily
,gametangia^gametangia
,internationalized(2)^internationalized(2)
,evaporation^evaporation
,piacentini^piacentini
,immunomedic^immunomedic
,affiliations^affiliations
,similarity^similarity
,attenuated^attenuated
,serendipitous^serendipitous
,trivializes^trivializes
,infidelities^infidelities
,michelangelo(1)^michelangelo(1)
,accelerating^accelerating
,inflammatory^inflammatory
,incorporated's^incorporated's
,instantiated^instantiated
,unscientific^unscientific
,dionysius^dionysius
,discombobulates^discombobulates
,electrifying^electrifying
,emancipated^emancipated
,pontificater^pontificater
,anatolian^anatolian
,gerrymandering^gerrymandering
,multiemployer^multiemployer
,anatomical(1)^anatomical(1)
,infatuated^infatuated
,characteristics^characteristics
,originated^originated
,theoreticians^theoreticians
,disappointingly^disappointingly
,explanatory^explanatory
,recuperating(1)^recuperating(1)
,bioengineered^bioengineered
,exterminator^exterminator
,immeasurable^immeasurable
,argentinian^argentinian
,serbo-croatia^serbo-croatia
,documentation(1)^documentation(1)
,recuperating^recuperating
,deliberation^deliberation
,disingenuous^disingenuous
,stereographic^stereographic
,aeromexico^aeromexico
,dwi(1)^dwi(1)
,consumerism^consumerism
,monosaccharide^monosaccharide
,categorizing^categorizing
,palestinian^palestinian
,acceleration^acceleration
,recessionary^recessionary
,editorial's^editorial's^editorials
,origination^origination
,exacerbating^exacerbating
,realamerica^realamerica
,machiavelli's^machiavelli's
,fossiliferous^fossiliferous
,demobilizes^demobilizes
,endometrial^endometrial
,romanticizing^romanticizing
,culpability^culpability
,radiologists^radiologists
,underperformance^underperformance
,babylonian^babylonian
,tensiometer^tensiometer
,confindustria^confindustria
,unpatriotic^unpatriotic
,emancipating^emancipating
,asymptomatic^asymptomatic
,deemphasizing^deemphasizing
,monticciolo^monticciolo
,oliverio^oliverio
,arbitrarily^arbitrarily
,caledonian's^caledonian's
,materialist^materialist
,anticlimactic^anticlimactic
,panagopoulos^panagopoulos
,unregulated^unregulated
,excruciating^excruciating
,biochemical(1)^biochemical(1)
,microcomputer^microcomputer
,hemophiliac^hemophiliac
,microbrewery^microbrewery
,wor(2)^wor(2)
,multilateral^multilateral
,idrocarburi^idrocarburi
,excoriating^excoriating
,insubstantiate^insubstantiate
,instantiating^instantiating
,semisecrecy^semisecrecy
,vocabulary^vocabulary
,incongruously^incongruously
,microgenesys^microgenesys
,lusitania^lusitania
,nitrocellulose^nitrocellulose
,modernization(1)^modernization(1)
,temperamentally(1)^temperamentally(1)
,personifying^personifying
,accumulator^accumulator
,lagroceria(1)^lagroceria(1)
,unaffiliate^unaffiliate
,dialectical^dialectical
,inextricably^inextricably
,embarrassingly^embarrassingly
,generalizing^generalizing
,inexcusably^inexcusably
,intellectually(1)^intellectually(1)
,mauritania^mauritania
,allegiances^allegiances
,constituency^constituency
,diversionary(1)^diversionary(1)
,policymaker^policymaker
,eradicated^eradicated
,decisionmaking^decisionmaking
,capitulated^capitulated
,ecological(1)^ecological(1)
,communication's^communication's
,valedictory^valedictory
,authoritative^authoritative
,neoplatonic^neoplatonic
,revolutionize^revolutionize
,conciliatory(1)^conciliatory(1)
,theoretician^theoretician
,psychotherapists^psychotherapists
,microcomputers^microcomputers
,inaugurating^inaugurating
,overreacted^overreacted
,hypochondriac^hypochondriac
,differentiates^differentiates
,ecological^ecological
,sardonically^sardonically
,recalculated^recalculated
,intercellular^intercellular
,undemocratic^undemocratic
,eliminated(1)^eliminated(1)
,elizabethtown^elizabethtown
,proliferated^proliferated
,petromineral^petromineral
,renominated^renominated
,geometrical^geometrical
,awb(2)^awb(2)
,geometrically^geometrically
,imperialists^imperialists
,misidentify^misidentify
,unsuccessfully^unsuccessfully
,appalachia^appalachia
,audiotronics^audiotronics
,overwhelmingly(1)^overwhelmingly(1)
,accumulated^accumulated
deniability^deniability^unreliability,liability
,proprietary^proprietary
,italiano^italiano
,politically^politically
,lithuanians^lithuanians
,electricity^electricity
,psychodynamic^psychodynamic
,inseparably^inseparably
,exacerbation^exacerbation
,disallowances^disallowances
,agrigenetics^agrigenetics
,valeriano^valeriano
,washingtonians(1)^washingtonians(1)
,communicators^communicators
,reorientate^reorientate
,eradicating^eradicating
,reassuringly^reassuringly
,egyptology^egyptology
new-caledonia,caledonia^caledonia
,mobilization(1)^globalization^mobilization(1)
,saudiization^saudiization
,minichiello^minichiello
,noneconomic^noneconomic
,investigated(1)^investigated(1)
,dimitrius's^dimitrius's
,reinstituting^reinstituting
,accelerated^accelerated
,mineralogist^mineralogist
,echolocation^echolocation
,inaugurated^inaugurated
,americano^americano
,uniformity^uniformity
,electromagnet^electromagnet
,unsentimental^unsentimental
,cooperations^cooperations
,exaggeration^exaggeration
,ophthalmology(1)^ophthalmology(1)
,disoriented^disoriented
,computervision^computervision
,architectural^architectural
,counterterrorist(1)^counterterrorist(1)
,euromobiliare's^euromobiliare's
,remanufactured^remanufactured
,revolucion^revolucion
,myocardial^myocardial
,transcontinental(3)^transcontinental(3)
,overexposing^overexposing
,decapitation^decapitation
,systematically^systematically
,horizontally(1)^horizontally(1)
,indelicato^indelicato
unnecessarily,necessarily^necessarily
,intercompany^intercompany
,prognosticater^prognosticater
,alliterative^alliterative
,abbatiello^abbatiello
,exponentially^exponentially
,vivisepulture^vivisepulture
,disenfranchisement^disenfranchisement
,evaporation(1)^evaporation(1)
,directorial(3)^directorial(3)
,egotistical^egotistical
,antigovernment(1)^antigovernment(1)
,figuratively^figuratively
,apolitical^apolitical
,unnaturally^unnaturally
,inability^inability
,insubstantiate(1)^insubstantiate(1)
,enumeration^enumeration
,aggressivity^aggressivity
,methamphetamine(1)^methamphetamine(1)
,academically^academically
,orientated^orientated
,economical(1)^economical(1)
,gerontology^gerontology
,diaz-calderon^diaz-calderon
,expiratory^expiratory
,eskandarian^eskandarian
,procrastinating^procrastinating
,candelaria^candelaria
,alliteration^alliteration
,therapeutically(1)^therapeutically(1)
,phonological^phonological
,laryngoscopy^laryngoscopy
,socialization^socialization
,apotheosis^apotheosis
,solicitation^solicitation
,nonautomotive^nonautomotive
,arianism^arianism
,terracciano^terracciano
,retroactively^retroactively
,postretirement^postretirement
,multicultural^multicultural
,compensatory^compensatory
,erythropoietin^erythropoietin
,lackadaisical^lackadaisical
,self-perpetuate^self-perpetuate
,majestically^majestically
,ferrofluidics^ferrofluidics
,circumstantially(1)^circumstantially(1)
,conservatories^conservatories
,reincarnation^reincarnation
,tumacoceri^tumacoceri
,supernatural^supernatural
,alleviation^alleviation
,santa-maria(1)^santa-maria(1)
,incongruity^incongruity
,negativity^negativity
,buttacavoli^buttacavoli
,counterattacking^counterattacking
,nationalistic^nationalistic
,equiangular^equiangular
,interchangeably(1)^interchangeably(1)
,aerodynamic^aerodynamic
,encyclopedist(1)^encyclopedist(1)
,analytical^analytical
,iacobelli^iacobelli
,reconstituted^reconstituted
,emasculated^emasculated
,albendazole^albendazole
,anencephalic(1)^anencephalic(1)
,immortalizing^immortalizing
,redistributing^redistributing
,rediscovering^rediscovering
,informality^informality
,kwh^kwh
,deontology^deontology
,incarceration^incarceration
,preliminary(1)^preliminary(1)
,philadelphians^philadelphians
,evaluating(1)^evaluating(1)
,obituary^obituary
,multimillionaires^multimillionaires
,overconfident^overconfident
,unsurprisingly^unsurprisingly
,emphatically(1)^emphatically(1)
,echinacea^echinacea
,multicandidate^multicandidate
,absenteeism^absenteeism
,emanuele^emanuele
,provocatively^provocatively
,repatriating^repatriating
,particularly(1)^particularly(1)
,mock-heroically^mock-heroically
,canariensis^canariensis
,articulating^articulating
,unacceptably^unacceptably
,remanufacture^remanufacture
,alitalia^alitalia
,appreciation^appreciation
,nickelodeon^nickelodeon
,redecorating^redecorating
,mineralogy^mineralogy
,momentarily^momentarily
,repatriated^repatriated
,anatomically^anatomically
,insinuated^insinuated
,disobedience^disobedience
,water-repellent^water-repellent
,senegambia^senegambia
,depository^depository
,hyperinflation^hyperinflation
,unilaterally(1)^unilaterally(1)
,dehumidify^dehumidify
,apollinian^apollinian
,caltagirone^caltagirone
,evacuating^evacuating
,disembarkation^disembarkation
,depressurizes^depressurizes
,hypothermia^hypothermia
,inefficiently^inefficiently
,obligatory^obligatory
reconsideration^reconsideration,consideration
,illiteracy^illiteracy
,departmentalized^departmentalized
,melodramatic^melodramatic
,involuntary^involuntary
,annihilation^annihilation
,serendipity^serendipity
,derogatory^derogatory
,polarization(1)^polarization(1)
,policyholder^policyholder
,associating^associating
,evangelista^evangelista
,expropriated^expropriated
,feliciano's^feliciano's
,generality^generality
,experimenting(1)^experimenting(1)
,superconductors^superconductors
,supplementary(1)^supplementary(1)
,orleanian^orleanian
,oppedisano^oppedisano
,electrically^electrically
,policymakers^policymakers
,abnormality^abnormality
,reinvigorate^reinvigorate
extraordinarily,ordinarily^ordinarily
,overpopulates^overpopulates
,commensurately^commensurately
,unusually^unusually
,exhilarated^exhilarated
,collateralized^collateralized
,oratorio^oratorio
,rheumatology^rheumatology
,documentaries(1)^documentaries(1)
,ostentatiously^ostentatiously
,inadmissibly^inadmissibly
,automoviles^automoviles
,dinotopia^dinotopia
,congratulated^congratulated
,categorically(1)^categorically(1)
,prognosticating^prognosticating
,improvisation^improvisation
,deliberations^deliberations
,overdependent^overdependent
,electrocuted^electrocuted
,parimutuel^parimutuel
,unequivocally(1)^unequivocally(1)
,divirgilio^divirgilio
,reactivity^reactivity
,ambiguities^ambiguities
,individually(1)^individually(1)
,reawakening^reawakening
,polysaccharides^polysaccharides
,hyaluronic^hyaluronic
,depreciation^depreciation
,antireformers(1)^antireformers(1)
,orientations^orientations
,opportunities^opportunities
,defamatory^defamatory
,rejuvenating^rejuvenating
,ethiopia's^ethiopia's
,inaccurately^inaccurately
,negotiator^negotiator
,aristocratic^aristocratic
,giovanniello^giovanniello
,amalgamated^amalgamated
,materialize^materialize
,agglomeration^agglomeration
,apologizes^apologizes
,misunderstandings^misunderstandings
,accusatory^accusatory
,libertarian^libertarian
,monochromatic^monochromatic
,inappropriate^inappropriate
,unallocated^unallocated
,generalities^generalities
,antidepressant^antidepressant
,inebriating^inebriating
,spectacularly^spectacularly
,inactivity^inactivity
,ambiguity^ambiguity
,defibrillators^defibrillators
,imagineering^imagineering
,multimillionaire^multimillionaire
,wor(1)^wor(1)
,insubordinate^insubordinate
,interventionists(1)^interventionists(1)
